"Prueba","Resultado","Detalle"
"S01-semilla-categorias","PASS","2 categorias en memoria (Gasolinas, Disel)"
"S02-semilla-combustibles","PASS","3 combustibles (PR01 1990 L, PR02 980 L, PR03 3950 L)"
"S03-semilla-empleados","PASS","3 empleados (DNI 00000001/2/3)"
"S04-semilla-conceptos","PASS","2 conceptos (CE01 Ingreso, CE02 Egreso)"
"S05-semilla-inventario","PASS","libro 6 filas, entradas 300 L, salidas 80 L, PR01=1990 L"
"S06-semilla-finanzas","PASS","apertura 4,410.00, saldo 3,430.00, 4 movimientos de caja"
"S07-semilla-asistencia","PASS","5 marcaciones historicas; ninguna el dia de hoy"
"A01-anonimo-login","PASS","GET /login publico -> 200"
"A02-anonimo-protegida-redirect","PASS","GET /ventas/list anonimo -> 302|http://localhost:8080/login"
"A03-anonimo-finanzas","PASS","GET /finanzas/list anonimo -> 302|http://localhost:8080/login"
"A04-anonimo-post-sin-efecto","PASS","POST anonimo redirige a login y las categorias siguen en 2"
"A05-login-csrf","PASS","POST a /login sin token -> 302|http://localhost:8080/login (CSRF protege el propio login)"
"A06-login-credenciales-invalidas","PASS","clave incorrecta con token valido -> 302|http://localhost:8080/login?error=credenciales"
"A07-login-admin","PASS","ediaz ingresa -> 302|http://localhost:8080/ y / abre la lista de categorias (inicio del Admin)"
"A08-login-operador","PASS","atorres ingresa -> 302|http://localhost:8080/ y / abre el historial de ventas (inicio del staff)"
"A09-login-con-sesion","PASS","GET /login con sesion -> 200 (pagina utilizable); la sesion activa se confirma en /categorias/list"
"C01-cat-duplicado","PASS","nombre repetido rechazado en el servidor"
"C02-cat-nombre-corto","PASS","2 caracteres rechazados (minimo 3)"
"C03-cat-descripcion-larga","PASS","250 caracteres rechazados (maximo 200)"
"C04-cat-conserva-digitado","PASS","tras el rechazo el formulario conserva el nombre digitado"
"C05-cat-crear-valido","PASS","alta correcta: 3 categorias en memoria"
"C06-cat-editar-valido","PASS","edicion reflejada en la lista"
"C07-cat-editar-inexistente","PASS","id 999 redirige con aviso y sin romper"
"C08-cat-estado-rn02","PASS","cambio de estado: registro conservado (RN02), 3 filas"
"C09-cat-eliminar-404-rn02","PASS","POST /categorias/eliminar -> 404 y las 3 categorias siguen (RN02)"
"C10-cat-csrf-403","PASS","POST sin token CSRF -> 403"
"C11-cat-operador-403","PASS","POST del Operador -> 403 con aviso de permisos y la lista tambien lo niega"
"C12-cat-operador-sin-efecto","PASS","el intento del Operador no creo categorias"
"P01-prod-duplicado","PASS","nombre repetido rechazado"
"P02-prod-categoria-inexistente","PASS","categoria 99 rechazada"
"P03-prod-precio-cero","PASS","precio 0 rechazado"
"P04-prod-unidad-invalida","PASS","unidad distinta de Litro rechazada"
"P05-prod-crear-valido","PASS","alta correcta: 4 combustibles"
"P06-prod-editar-valido","PASS","precio actualizado a 8.00 en la lista"
"P07-prod-estado-rn02","PASS","inactivo conservado en catalogo (RN02) y NO ofrecido para nuevas ventas"
"P08-prod-eliminar-404-rn02","PASS","POST /combustibles/eliminar -> 404, catalogo intacto (RN02)"
"P09-prod-csrf-403","PASS","POST sin token -> 403"
"P10-prod-operador-403","PASS","POST del Operador -> 403 con aviso (la lista de combustibles si es visible para todos los autenticados)"
"P11-prod-operador-sin-efecto","PASS","el intento del Operador no creo productos"
"E01-emp-dni-corto","PASS","DNI de 7 digitos rechazado"
"E02-emp-duplicado","PASS","DNI repetido rechazado"
"E03-emp-telefono-invalido","PASS","telefono fuera de formato rechazado"
"E04-emp-crear-valido","PASS","alta correcta: 4 empleados (nuevo id 4, DNI 87654321)"
"E05-emp-nombre-corto","PASS","nombre de 2 letras rechazado en edicion"
"E06-emp-editar-valido","PASS","edicion reflejada en la lista"
"E07-emp-eliminar-404-rn02","PASS","POST /empleados/eliminar -> 404, 4 empleados conservados (RN02)"
"E08-emp-operador-403","PASS","Operador sin permiso sobre empleados"
"E09-emp-csrf-403","PASS","POST sin token -> 403"
"U01-usu-lista","PASS","3 cuentas de usuario en memoria"
"U02-usu-operador-403","PASS","Operador sin permiso sobre usuarios"
"U03-usu-duplicado","PASS","usuario repetido rechazado y valor conservado"
"U04-usu-password-corta","PASS","password de 5 caracteres rechazada"
"U05-usu-rol-fabricado","PASS","rol fuera del catalogo rechazado (impide elevar rol por formulario)"
"U06-usu-empleado-con-cuenta","PASS","un empleado no puede tener dos cuentas"
"U07-usu-sin-empleado","PASS","cuenta sin empleado responsable rechazada"
"U08-usu-crear-valido","PASS","alta correcta: 4 cuentas (mtest10 sobre el empleado 4)"
"U09-usu-password-blanco-conserva-hash","PASS","editar sin password no rompe el acceso (hash BCrypt conservado)"
"U10-usu-desactivar","PASS","cuenta mtest10 en estado Inactivo (F32, sin eliminar)"
"U11-usu-inactivo-no-loguea","PASS","login de cuenta inactiva -> 302|http://localhost:8080/login?error=inactivo"
"U12-usu-eliminar-404-rn02","PASS","POST /usuarios/eliminar -> 404, 4 cuentas conservadas (RN02)"
"U13-usu-csrf-403","PASS","POST sin token -> 403"
"U14-usu-operador-post-403","PASS","POST del Operador rechazado con aviso de permisos"
"U15-usu-doble-control-sin-efecto","PASS","ninguno de los POST denegados creo cuentas"
"K01-con-duplicado","PASS","nombre repetido rechazado"
"K02-con-tipo-invalido","PASS","tipo fuera de Ingreso/Egreso rechazado"
"K03-con-crear-valido","PASS","alta correcta: 3 conceptos"
"K04-con-editar-sin-tocar-caja","PASS","renombrar el concepto no corrompe los movimientos de caja (siguen 4)"
"K05-con-estado-rn02","PASS","cambio a Inactivo con registro conservado (RN02)"
"K06-con-eliminar-404-rn02","PASS","POST eliminar -> 404, 3 conceptos (RN02)"
"K07-con-operador-403","PASS","Operador sin permiso sobre finanzas"
"K08-con-csrf-403","PASS","POST sin token -> 403"
"K09-con-sin-efectos-colaterales","PASS","el catalogo termina con 3 conceptos (CE01, CE02, Ajuste ETAPA10 Editado)"
"AS01-mi-pantalla","PASS","pantalla Mi asistencia operativa para atorres"
"AS02-entrada-ignora-id spoofeado","PASS","idEmpleado=2 del navegador se ignora; la entrada usa la identidad real (atorres, empleado 1)"
"AS03-entrada-repetida","PASS","segunda entrada del dia rechazada (peticion repetida sin doble registro)"
"AS04-salida-sin-entrada","PASS","salida sin entrada previa rechazada (RN05)"
"AS05-salida-valida","PASS","salida de atorres registrada tras su entrada"
"AS06-salida-repetida","PASS","jornada ya cerrada: no se registra una segunda salida"
"AS07-control-hoy","PASS","control con 6 marcaciones (5 de semilla + 1 de atorres de hoy)"
"AS08-control-operador-403","PASS","el Operador no abre el control (solo Admin)"
"AS09-csrf-403","PASS","POST sin token valido -> 403"
"AS10-integridad-final","PASS","los intentos repetidos dejaron exactamente 1 marcacion de hoy"
"D01-com-lista","PASS","1 compra en memoria (C001)"
"D02-com-sin-fecha-del-formulario","PASS","sin campo fecha: la pone el servidor y se valida la cantidad"
"D03-com-proveedor-corto","PASS","proveedor de 2 letras rechazado"
"D04-com-producto-inactivo","PASS","combustible inactivo no puede comprarse (RN02 extendido)"
"D05-com-responsable-inactivo","PASS","responsable inactivo rechazado"
"D06-com-cantidad-cero","PASS","cantidad 0 rechazada"
"D07-com-sin-detalle","PASS","compra sin lineas rechazada (RN03: sin detalle no hay entrada)"
"D08-com-crear-valido-rn03-rn04","PASS","C002 con fecha del servidor: 2 compras, libro 7 filas (entradas 400 L), caja 5 filas (egresos 1,830.00 = 1350+480)"
"D09-com-detalle-inexistente","PASS","id inexistente redirige con aviso (sin 500)"
"D10-com-operador-403","PASS","Operador sin permiso sobre compras"
"D11-com-csrf-403","PASS","POST sin token -> 403 y siguen exactamente 2 compras"
"D12-com-fecha-informativa","PASS","fecha de registro informativa del servidor y sin campo editable"
"V01-ven-lista","PASS","3 ventas en memoria (V001-V003)"
"V02-ven-sin-cantidad-sin-efectos","PASS","rechazo total: ventas 3, libro 7, caja 5 (sin efectos parciales, RN03)"
"V03-ven-sobre-stock-rn01","PASS","99999 L rechazados y stock intacto en 2090 L (RN01)"
"V04-ven-producto-inactivo","PASS","combustible inactivo no puede venderse (RN02 extendido)"
"V05-ven-operador-inactivo","PASS","operador inactivo rechazado"
"V06-ven-crear-valido-rn01-rn03-rn04","PASS","V004: 4 ventas, libro 8 filas (1 salida por venta), caja 6 filas (ingresos 420.00), stock 2090->2080"
"V07-ven-detalle-inexistente","PASS","id inexistente redirige con aviso"
"V08-ven-admin-403","PASS","el Administrador no registra ventas (seccion de operacion)"
"V09-ven-operador-lista","PASS","Operador si consulta el historial (autenticado)"
"V10-ven-csrf-403","PASS","POST sin token -> 403 y siguen 4 ventas"
"V11-ven-salida-unica-rn03","PASS","la venta V004 aporto exactamente una salida al libro"
"V12-ven-sin-campo-fecha","PASS","el formulario de venta no pide fecha (la toma el servidor)"
"I01-inv-pantalla","PASS","existencias con saldo inicial visibles"
"I02-inv-entrada-valida","PASS","entrada manual: libro 9 filas, PR02 980->1030, fecha manipulada ignorada (servidor)"
"I03-inv-entrada-producto-inactivo","PASS","entrada sobre producto inactivo rechazada (RN02)"
"I04-inv-entrada-sin-cantidad","PASS","cantidad vacia rechazada"
"I05-inv-salida-valida","PASS","salida manual: libro 10 filas, PR02 1030->1010, fecha manipulada ignorada (servidor)"
"I06-inv-salida-sobre-stock-rn01","PASS","aviso en el formulario y rechazo sin efectos: stock 1010 y libro 10 (RN01)"
"I07-inv-salida-motivo-corto","PASS","motivo de 3 letras rechazado"
"I08-inv-sin-fecha-en-formulario","PASS","sin campo fechaHora: la pone el servidor y se valida la cantidad"
"I09-inv-entrada-operador-403","PASS","el Operador no registra entradas (seccion Admin)"
"I10-inv-salida-admin-403","PASS","el Administrador no registra salidas manuales (seccion de operacion)"
"I11-inv-csrf-403","PASS","POST sin token -> 403 y el libro sigue en 10 filas"
"I12-inv-fecha-informativa","PASS","marca de tiempo informativa del servidor y sin campo editable"
"F01-fin-conciliacion","PASS","saldo 3,000.00 = apertura 4,410.00 + ingresos 420.00 - egresos 1,830.00; 6 movimientos"
"F02-fin-ingresos","PASS","filtro de ingresos operativo (V001-V004)"
"F03-fin-egresos","PASS","filtro de egresos operativo (C001, C002)"
"F04-fin-detalle-inexistente","PASS","movimiento inexistente redirige con aviso"
"F05-fin-operador-403","PASS","Operador sin acceso a finanzas"
"F06-fin-sin-ruta-manual","PASS","no existe ruta para crear/duplicar caja a mano: 404 y 6 movimientos (RN04)"
"R01-RN01-stock-conciliado","PASS","stock final PR01=2080 (1990+100-10), PR02=1010 (980+50-20), Diesel 3,950 sin tocar; nunca negativo"
"R02-RN02-cambio-de-estado","PASS","los cinco catalogos (categorias 3, usuarios 4, conceptos 3, combustibles 4, empleados 4) conservan todos los registros; solo cambian estados y eliminar devuelve 404"
"R03-RN03-integridad-movimientos","PASS","libro 10 filas = 6 semilla + 4 operaciones; cada venta/compra aporto exactamente su movimiento"
"R04-RN04-caja-conciliada","PASS","6 movimientos de caja = 2 compras + 4 ventas; saldo exacto; sin duplicados ni rutas manuales"
"R05-RN05-asistencia-integra","PASS","una unica jornada de hoy (entrada+salida de atorres); las repeticiones fueron rechazadas"
"M01-textos-sin-memoria","PASS","ninguna pagina visible menciona almacen en memoria"
"M02-textos-sin-ejecucion","PASS","ninguna pagina visible menciona la ejecucion de la aplicacion"
"M03-textos-sin-base-datos","PASS","ninguna pagina visible menciona base de datos"
"M04-textos-sin-temporal","PASS","ninguna pagina visible menciona almacenamiento temporal"
